slop_bp,family,n_family,n_nested,nested_frac,n_same,same_orient_frac
0,ALU,1555,239,0.1536977491961415,202,0.8451882845188284
0,LINE1,222,72,0.32432432432432434,53,0.7361111111111112
0,SVA,75,9,0.12,9,1.0
10,ALU,1555,264,0.16977491961414792,224,0.8484848484848485
10,LINE1,222,82,0.36936936936936937,63,0.7682926829268293
10,SVA,75,9,0.12,9,1.0
25,ALU,1555,293,0.18842443729903538,245,0.8361774744027304
25,LINE1,222,85,0.38288288288288286,65,0.7647058823529411
25,SVA,75,9,0.12,9,1.0
50,ALU,1555,324,0.20836012861736333,264,0.8148148148148148
50,LINE1,222,94,0.42342342342342343,68,0.723404255319149
50,SVA,75,9,0.12,9,1.0
100,ALU,1555,389,0.25016077170418005,306,0.7866323907455013
100,LINE1,222,98,0.44144144144144143,70,0.7142857142857143
100,SVA,75,9,0.12,9,1.0
250,ALU,1555,512,0.3292604501607717,354,0.69140625
250,LINE1,222,109,0.49099099099099097,74,0.6788990825688074
250,SVA,75,9,0.12,9,1.0
