host_subfamily,family,n_insertions,n_elements,pred_same,observed_same,n_same_obs,resid
AluY,ALU,33,3000,0.6247127334389433,0.9090909090909091,30,0.28437817565196577
AluSc,ALU,8,3000,0.6273666296357576,0.875,7,0.24763337036424238
AluJb,ALU,20,3000,0.6360285648468095,0.75,15,0.11397143515319053
AluJr,ALU,9,3000,0.649335013299734,0.8888888888888888,8,0.23955387558915486
AluSg,ALU,9,3000,0.6635560036577646,0.7777777777777778,7,0.11422177412001322
AluSz6,ALU,10,3000,0.6696047694916997,1.0,10,0.33039523050830033
AluSz,ALU,20,3000,0.6780764580039066,0.95,19,0.27192354199609337
AluSx1,ALU,19,3000,0.6781675646925514,0.7368421052631579,14,0.058674540570606504
AluSx,ALU,37,3000,0.6804749729570263,0.8108108108108109,30,0.13033583785378455
AluSq2,ALU,12,3000,0.68065672596077,0.75,9,0.06934327403923002
